{
  "treatment_conversion_rate": 0.01253109306800582,
  "control_conversion_rate": 0.005726086548390125,
  "ate": 0.006805006519615695,
  "standard_error": 0.000920851175531638,
  "ci_lower": 0.005000171380452313,
  "ci_upper": 0.008609841658779076,
  "z_statistic": 7.389909141058475,
  "p_value": 1.4699352846037073e-13,
  "confidence_level": 0.95,
  "treatment_conversions": 267,
  "treatment_customers": 21307,
  "control_conversions": 122,
  "control_customers": 21306
}