channel,customer_count,treatment_conversion_rate,control_conversion_rate,absolute_uplift,treatment_average_spend,control_average_spend
Multichannel,5183,0.017074117190531625,0.006907137375287797,0.010166979815243827,1.824870003880481,0.6157405986185726
Web,18863,0.012961011591148578,0.005761229062199936,0.007199782528948642,1.5218345626975762,0.6713858956577403
Phone,18567,0.010822510822510822,0.005360780529645117,0.005461730292865705,1.2085270562770563,0.6444526643079233
