history_segment,customer_count,treatment_conversion_rate,control_conversion_rate,absolute_uplift,treatment_average_spend,control_average_spend
"6) $750 - $1,000",1266,0.024844720496894408,0.00482315112540193,0.02002156937149248,1.8836801242236023,0.3495337620578778
"7) $1,000 +",880,0.023706896551724137,0.014423076923076924,0.009283819628647213,3.491875,2.169807692307692
4) $350 - $500,4221,0.020028612303290415,0.011299435028248588,0.008729177275041827,2.579208392942298,1.0102683615819208
3) $200 - $350,8134,0.015403422982885086,0.006923837784371909,0.008479585198513176,1.4694621026894867,0.9328808110781405
5) $500 - $750,3249,0.013775829680651221,0.005447941888619854,0.008327887792031367,1.6418659987476518,0.5388559322033899
1) $0 - $100,15336,0.009192128430864838,0.004203888596952181,0.004988239833912657,1.0551760745727603,0.516893063583815
2) $100 - $200,9527,0.008953314858239182,0.0041356492969396195,0.004817665561299562,1.127143466211895,0.4228949545078577
