newbie,customer_count,treatment_conversion_rate,control_conversion_rate,absolute_uplift,treatment_average_spend,control_average_spend
1,21381,0.011136065880591428,0.0037400654511453952,0.007396000429446033,1.3324677147669848,0.37244787283777464
0,21232,0.013934657753507202,0.007727829610781264,0.006206828142725938,1.5133170134638922,0.9353501083780982
