zip_code,customer_count,treatment_conversion_rate,control_conversion_rate,absolute_uplift,treatment_average_spend,control_average_spend
Surburban,19126,0.012419745289969477,0.004987012987012987,0.00743273230295649,1.4732901799810545,0.6694420779220779
Urban,17105,0.012262057690061895,0.005619292905642706,0.006642764784419188,1.328512203666939,0.5920053851557012
Rural,6382,0.013567684242984891,0.00828289264096846,0.00528479160201643,1.5226364477335799,0.7671360305829882
