treatment_definition,customers,treated_customers,control_customers,treatment_conversion_rate,control_conversion_rate,observed_ate,relative_lift,standard_error,ci_lower,ci_upper,p_value,treatment_visit_rate,control_visit_rate,visit_lift
Mens E-Mail vs No E-Mail,42613,21307,21306,0.01253109306800582,0.005726086548390125,0.006805006519615695,1.188421876286328,0.000920851175531638,0.005000171380452313,0.008609841658779076,1.4699352846037073e-13,0.18275684047496127,0.10616727682343002,0.07658956365153125
Womens E-Mail vs No E-Mail,42693,21387,21306,0.008837144059475383,0.005726086548390125,0.003111057511085258,0.5433130436982172,0.0008226578153482761,0.0014986778214022348,0.004723437200768281,0.00015575153551172782,0.151400383410483,0.10616727682343002,0.045233106587052985
Any E-Mail vs No E-Mail,64000,42694,21306,0.010680657703658593,0.005726086548390125,0.004954571155268468,0.865263057656967,0.0007174339221810615,0.0035484265065062756,0.00636071580403066,4.986455692801428e-12,0.16704923408441466,0.10616727682343002,0.06088195726098464
