{
  "roc_auc": 0.6563001928010809,
  "average_precision": 0.015928019758257278,
  "accuracy": 0.607767218115687,
  "precision": 0.015722337585286267,
  "recall": 0.6794871794871795,
  "f1": 0.030733545955349377,
  "tn": 5127,
  "fp": 3318,
  "fn": 25,
  "tp": 53,
  "selected_model": "Logistic Regression"
}